time,gpu_util_pct,vram_used_gb,vram_total_gb,gpu_power_w,gpu_temp_c,cpu_util_pct,ram_used_gb,ram_total_gb,train_rss_gb
2026-09-22 19:04:53,1,15.9,95.6,87,34,9.3,410.1,2015.4,4.9
2026-09-22 19:05:23,0,15.9,95.6,87,34,8.0,403.3,2015.4,12.1
2026-09-22 19:05:53,0,15.9,95.6,88,33,9.2,411.3,2015.4,19.0
2026-09-22 19:06:23,0,15.9,95.6,87,33,12.5,414.9,2015.4,23.8
2026-09-22 19:06:53,0,15.9,95.6,87,33,8.8,409.5,2015.4,30.6
2026-09-22 19:07:23,0,15.9,95.6,87,33,9.2,407.4,2015.4,37.7
2026-09-22 19:07:53,0,15.9,95.6,87,33,9.7,395.8,2015.4,44.6
2026-09-22 19:08:24,0,16.6,95.6,87,33,7.4,395.6,2015.4,51.7
2026-09-22 19:08:54,0,16.5,95.6,87,33,9.3,398.2,2015.4,1.4
2026-09-22 19:09:24,96,37.5,95.6,355,44,12.1,400.6,2015.4,3.3
2026-09-22 19:09:54,95,43.4,95.6,321,49,10.0,403.5,2015.4,3.4
2026-09-22 19:10:24,90,43.4,95.6,308,52,9.1,401.7,2015.4,3.4
2026-09-22 19:10:54,95,43.4,95.6,334,54,9.2,401.8,2015.4,3.4
2026-09-22 19:11:24,96,43.4,95.6,337,53,9.7,402.8,2015.4,3.4
2026-09-22 19:11:54,95,44.1,95.6,324,55,7.6,402.4,2015.4,3.4
2026-09-22 19:12:24,95,44.1,95.6,321,54,7.8,402.5,2015.4,3.4
2026-09-22 19:12:54,95,44.1,95.6,340,55,7.6,392.7,2015.4,3.4
2026-09-22 19:13:24,95,44.1,95.6,322,54,7.7,392.7,2015.4,3.4
2026-09-22 19:13:54,94,44.1,95.6,323,54,9.4,413.0,2015.4,3.4
2026-09-22 19:14:24,94,44.1,95.6,327,55,16.2,414.7,2015.4,3.4
2026-09-22 19:14:54,93,44.1,95.6,337,55,10.2,421.6,2015.4,3.4
2026-09-22 19:15:24,94,44.1,95.6,331,55,10.9,425.4,2015.4,3.4
2026-09-22 19:15:54,96,44.1,95.6,324,53,11.9,405.5,2015.4,3.4
2026-09-22 19:16:24,94,44.1,95.6,323,54,11.2,406.8,2015.4,3.4
2026-09-22 19:16:54,94,44.1,95.6,321,55,11.3,410.8,2015.4,3.4
2026-09-22 19:17:25,93,44.1,95.6,323,55,16.1,415.4,2015.4,3.4
2026-09-22 19:17:55,95,44.1,95.6,322,56,8.5,417.9,2015.4,3.4
2026-09-22 19:18:25,95,44.1,95.6,326,54,8.7,418.1,2015.4,3.4
2026-09-22 19:18:55,94,44.1,95.6,329,55,8.3,416.6,2015.4,3.4
2026-09-22 19:19:25,95,44.1,95.6,335,55,8.4,415.4,2015.4,3.4
2026-09-22 19:19:55,94,44.1,95.6,338,56,8.6,416.6,2015.4,3.4
2026-09-22 19:20:25,93,44.1,95.6,332,55,8.4,415.2,2015.4,3.4
2026-09-22 19:20:55,94,44.1,95.6,332,54,8.3,418.5,2015.4,3.4
2026-09-22 19:21:25,94,44.1,95.6,327,54,8.8,420.5,2015.4,3.4
2026-09-22 19:21:55,93,44.1,95.6,326,54,9.4,417.3,2015.4,3.4
2026-09-22 19:22:25,95,44.1,95.6,321,54,12.2,421.5,2015.4,3.4
2026-09-22 19:22:55,94,44.1,95.6,319,55,8.1,417.2,2015.4,3.4
2026-09-22 19:23:25,94,44.1,95.6,322,54,8.4,421.5,2015.4,3.4
2026-09-22 19:23:55,95,44.1,95.6,322,55,8.0,423.3,2015.4,3.4
2026-09-22 19:24:25,95,44.1,95.6,322,55,8.8,427.3,2015.4,3.4
2026-09-22 19:24:55,88,44.1,95.6,319,53,18.8,420.2,2015.4,3.4
2026-09-22 19:25:25,91,44.1,95.6,311,54,19.9,420.8,2015.4,3.4
2026-09-22 19:25:55,90,44.1,95.6,314,54,22.3,433.6,2015.4,3.4
2026-09-22 19:26:25,92,44.1,95.6,314,54,25.0,419.4,2015.4,3.4
2026-09-22 19:26:56,90,44.1,95.6,321,53,18.8,421.6,2015.4,3.4
2026-09-22 19:27:26,91,44.1,95.6,312,53,18.6,419.5,2015.4,3.4
2026-09-22 19:27:56,91,44.1,95.6,321,53,21.3,422.3,2015.4,3.4
2026-09-22 19:28:26,92,44.1,95.6,312,53,25.3,432.6,2015.4,3.4
2026-09-22 19:28:56,84,44.1,95.6,314,53,18.5,417.8,2015.4,3.4
2026-09-22 19:29:26,90,44.1,95.6,309,53,18.8,419.6,2015.4,3.4
2026-09-22 19:29:56,84,44.1,95.6,310,53,18.5,419.4,2015.4,3.4
2026-09-22 19:30:26,87,44.1,95.6,300,53,19.4,420.3,2015.4,3.4
2026-09-22 19:30:56,87,44.1,95.6,289,51,18.9,422.0,2015.4,3.4
2026-09-22 19:31:26,93,44.1,95.6,330,53,18.0,421.7,2015.4,3.4
2026-09-22 19:31:56,96,44.1,95.6,330,54,8.4,408.0,2015.4,3.4
2026-09-22 19:32:26,95,44.1,95.6,324,55,9.3,409.7,2015.4,3.4
2026-09-22 19:32:56,94,44.1,95.6,321,54,8.8,411.0,2015.4,3.4
2026-09-22 19:33:26,94,44.1,95.6,318,54,8.8,410.3,2015.4,3.4
2026-09-22 19:33:56,95,44.1,95.6,317,54,8.0,409.9,2015.4,3.4
2026-09-22 19:34:26,95,44.1,95.6,329,55,7.8,409.0,2015.4,3.4
2026-09-22 19:34:57,95,44.1,95.6,337,55,7.9,408.6,2015.4,3.4
2026-09-22 19:35:27,94,44.1,95.6,321,54,9.2,418.8,2015.4,3.4
2026-09-22 19:35:57,94,44.1,95.6,323,55,8.8,432.7,2015.4,3.4
2026-09-22 19:36:27,96,44.1,95.6,336,54,11.0,328.7,2015.4,3.4
2026-09-22 19:36:57,96,44.1,95.6,321,54,8.1,224.0,2015.4,3.4
2026-09-22 19:37:27,95,44.1,95.6,336,54,8.4,236.5,2015.4,3.4
2026-09-22 19:37:57,96,44.1,95.6,333,54,12.8,246.6,2015.4,3.4
2026-09-22 19:38:27,96,44.1,95.6,328,55,14.7,257.2,2015.4,3.4
2026-09-22 19:38:57,95,44.1,95.6,335,55,6.8,246.7,2015.4,3.4
2026-09-22 19:39:27,95,44.1,95.6,318,53,8.5,257.1,2015.4,3.4
2026-09-22 19:39:57,96,44.1,95.6,319,54,8.2,268.0,2015.4,3.4
2026-09-22 19:40:27,89,44.1,95.6,323,54,8.3,273.5,2015.4,3.4
2026-09-22 19:40:57,96,44.1,95.6,336,54,8.1,290.5,2015.4,3.4
2026-09-22 19:41:27,96,44.1,95.6,322,55,9.1,303.7,2015.4,3.4
2026-09-22 19:41:57,71,44.1,95.6,311,54,16.0,278.8,2015.4,3.4
2026-09-22 19:42:27,94,44.1,95.6,329,54,6.9,278.3,2015.4,3.4
2026-09-22 19:42:57,95,44.1,95.6,324,54,7.4,276.6,2015.4,3.4
2026-09-22 19:43:27,96,44.1,95.6,321,53,13.0,286.3,2015.4,3.4
2026-09-22 19:43:58,95,44.1,95.6,323,54,10.7,279.8,2015.4,3.4
2026-09-22 19:44:28,95,44.1,95.6,320,54,7.8,276.1,2015.4,3.4
2026-09-22 19:44:58,94,44.1,95.6,319,54,10.2,276.5,2015.4,3.4
2026-09-22 19:45:28,96,44.1,95.6,324,54,8.3,275.9,2015.4,3.3
2026-09-22 19:45:58,96,44.1,95.6,321,54,7.8,276.2,2015.4,3.3
2026-09-22 19:46:28,95,44.1,95.6,328,55,7.6,276.4,2015.4,3.3
2026-09-22 19:46:58,94,44.1,95.6,337,54,8.1,282.0,2015.4,3.3
2026-09-22 19:47:28,96,44.1,95.6,319,54,13.3,327.5,2015.4,3.3
2026-09-22 19:47:58,80,44.1,95.6,306,54,6.6,327.6,2015.4,3.3
2026-09-22 19:48:28,95,44.1,95.6,331,55,12.4,289.2,2015.4,3.3
2026-09-22 19:48:58,93,44.1,95.6,328,54,10.2,299.9,2015.4,3.3
2026-09-22 19:49:28,82,44.1,95.6,306,53,14.5,354.9,2015.4,3.3
2026-09-22 19:49:58,87,44.1,95.6,304,53,10.3,369.6,2015.4,3.3
2026-09-22 19:50:28,95,44.1,95.6,326,54,8.9,331.7,2015.4,3.3
2026-09-22 19:50:58,95,44.1,95.6,324,54,8.1,330.8,2015.4,3.3
2026-09-22 19:51:28,95,44.1,95.6,319,54,9.4,343.8,2015.4,3.3
2026-09-22 19:51:59,88,44.1,95.6,314,53,20.0,385.1,2015.4,3.3
2026-09-22 19:52:29,95,44.1,95.6,322,54,8.4,340.3,2015.4,3.3
2026-09-22 19:52:59,93,44.1,95.6,329,55,8.8,340.7,2015.4,3.3
2026-09-22 19:53:29,95,44.1,95.6,337,54,9.8,339.6,2015.4,3.3
2026-09-22 19:53:59,95,44.1,95.6,339,55,13.3,349.4,2015.4,3.3
2026-09-22 19:54:29,95,44.1,95.6,329,55,14.3,388.9,2015.4,3.3
2026-09-22 19:54:59,1,44.1,95.6,92,41,6.7,394.8,2015.4,3.4
2026-09-22 19:55:29,96,44.1,95.6,320,51,7.7,348.4,2015.4,3.4
2026-09-22 19:55:59,94,44.1,95.6,325,54,7.9,350.7,2015.4,3.4
2026-09-22 19:56:29,0,31.4,95.6,89,40,9.9,362.5,2015.4,12.9
2026-09-22 19:56:59,0,0.0,95.6,31,33,13.3,350.7,2015.4,0.0
2026-09-22 19:57:29,0,0.0,95.6,30,30,14.9,342.4,2015.4,0.0
2026-09-22 19:57:59,0,0.0,95.6,29,29,25.3,343.7,2015.4,0.0
2026-09-22 19:58:29,0,0.0,95.6,30,29,21.7,341.9,2015.4,0.0
2026-09-22 19:58:59,0,0.0,95.6,30,28,16.8,341.9,2015.4,0.0
2026-09-22 19:59:29,0,0.0,95.6,30,28,18.4,347.7,2015.4,0.0
2026-09-22 20:00:00,0,0.0,95.6,30,28,16.8,352.6,2015.4,0.0
2026-09-22 20:00:30,0,0.0,95.6,30,28,18.4,362.2,2015.4,0.0
2026-09-22 20:01:00,0,0.0,95.6,31,28,17.9,365.4,2015.4,0.0
2026-09-22 20:01:30,0,0.0,95.6,30,28,17.9,364.5,2015.4,0.0
2026-09-22 20:02:00,0,0.0,95.6,30,28,17.9,364.9,2015.4,0.0
2026-09-22 20:02:30,0,0.0,95.6,29,28,18.0,365.4,2015.4,0.0
2026-09-22 20:03:00,1,15.9,95.6,86,32,18.3,367.0,2015.4,0.0
2026-09-22 20:03:30,1,15.9,95.6,87,33,9.1,370.9,2015.4,0.0
2026-09-22 20:04:00,0,15.9,95.6,87,33,7.4,370.6,2015.4,0.0
2026-09-22 20:04:30,0,15.9,95.6,87,33,7.8,368.0,2015.4,0.0
2026-09-22 20:05:00,1,15.9,95.6,87,33,12.2,381.7,2015.4,0.0
2026-09-22 20:05:30,0,15.9,95.6,88,33,20.1,421.8,2015.4,0.0
2026-09-22 20:06:00,1,15.9,95.6,87,33,12.6,424.9,2015.4,0.0
2026-09-22 20:06:30,1,17.0,95.6,89,34,15.2,435.2,2015.4,0.0
2026-09-22 20:07:00,0,16.5,95.6,87,33,12.2,424.1,2015.4,0.0
2026-09-22 20:07:31,15,30.9,95.6,104,34,11.0,426.9,2015.4,0.0
2026-09-22 20:08:01,49,30.9,95.6,262,43,13.0,427.7,2015.4,0.0
2026-09-22 20:08:31,0,0.0,95.6,52,39,7.2,424.5,2015.4,0.0
2026-09-22 20:09:01,0,0.0,95.6,30,32,6.0,425.0,2015.4,0.0
2026-09-22 20:09:31,0,0.0,95.6,30,30,6.5,425.1,2015.4,0.0
2026-09-22 20:10:01,0,0.0,95.6,31,29,8.7,382.6,2015.4,0.0
2026-09-22 20:10:31,0,0.0,95.6,29,28,14.7,391.2,2015.4,0.0
2026-09-22 20:11:01,0,0.0,95.6,31,28,22.1,397.8,2015.4,0.0
2026-09-22 20:11:31,0,0.0,95.6,31,28,15.5,409.4,2015.4,0.0
2026-09-22 20:12:01,0,0.0,95.6,31,28,15.4,409.0,2015.4,0.0
2026-09-22 20:12:31,0,0.0,95.6,30,28,11.1,408.5,2015.4,0.0
2026-09-22 20:13:01,0,0.0,95.6,30,28,10.9,408.2,2015.4,0.0
2026-09-22 20:13:31,0,0.0,95.6,30,28,7.3,392.2,2015.4,0.0
2026-09-22 20:14:01,0,0.0,95.6,29,28,7.2,392.0,2015.4,0.0
2026-09-22 20:14:31,0,0.0,95.6,30,28,7.5,391.8,2015.4,0.0
2026-09-22 20:15:01,0,0.0,95.6,29,28,7.5,393.0,2015.4,0.0
2026-09-22 20:15:32,0,0.0,95.6,31,28,18.7,400.8,2015.4,0.0
2026-09-22 20:16:02,0,0.0,95.6,31,28,14.1,408.3,2015.4,0.0
2026-09-22 20:16:32,0,0.0,95.6,32,28,12.6,401.2,2015.4,0.0
2026-09-22 20:17:02,0,0.0,95.6,31,28,7.0,400.6,2015.4,0.0
2026-09-22 20:17:32,0,0.0,95.6,31,28,7.2,400.5,2015.4,0.0
2026-09-22 20:18:02,0,0.0,95.6,31,28,6.7,398.4,2015.4,0.0
2026-09-22 20:18:32,0,0.0,95.6,31,28,6.7,398.4,2015.4,0.0
2026-09-22 20:19:02,0,0.0,95.6,31,28,6.7,398.2,2015.4,0.0
2026-09-22 20:19:32,0,0.0,95.6,31,28,7.3,400.5,2015.4,0.0
2026-09-22 20:20:02,0,0.0,95.6,31,28,7.9,397.1,2015.4,0.0
2026-09-22 20:20:32,0,0.0,95.6,31,28,16.1,407.6,2015.4,0.0
2026-09-22 20:21:02,0,0.0,95.6,32,28,10.9,404.8,2015.4,0.0
2026-09-22 20:21:32,0,0.0,95.6,32,28,7.5,405.0,2015.4,0.0
2026-09-22 20:22:02,0,0.0,95.6,31,28,7.1,402.3,2015.4,0.0
2026-09-22 20:22:32,0,0.0,95.6,31,28,7.4,401.9,2015.4,0.0
2026-09-22 20:23:02,0,0.0,95.6,31,28,13.6,408.7,2015.4,0.0
2026-09-22 20:23:33,0,0.0,95.6,31,28,7.7,409.1,2015.4,0.0
2026-09-22 20:24:03,0,0.0,95.6,31,28,11.2,417.6,2015.4,0.0
2026-09-22 20:24:33,0,0.0,95.6,32,28,8.3,418.3,2015.4,0.0
2026-09-22 20:25:03,0,0.0,95.6,31,28,7.2,413.2,2015.4,0.0
2026-09-22 20:25:33,0,0.0,95.6,31,28,8.9,418.3,2015.4,0.0
2026-09-22 20:26:03,0,0.0,95.6,31,28,6.3,417.4,2015.4,0.0
2026-09-22 20:26:33,0,0.0,95.6,31,28,6.5,417.2,2015.4,0.0
2026-09-22 20:27:03,0,0.0,95.6,31,28,6.7,417.4,2015.4,0.0
2026-09-22 20:27:33,0,0.0,95.6,31,28,7.6,419.2,2015.4,0.0
2026-09-22 20:28:03,0,0.0,95.6,31,28,7.9,419.7,2015.4,0.0
2026-09-22 20:28:33,0,0.0,95.6,31,28,8.1,419.8,2015.4,0.0
2026-09-22 20:29:03,0,0.0,95.6,31,28,7.9,417.2,2015.4,0.0
2026-09-22 20:29:33,0,0.0,95.6,31,28,10.9,426.5,2015.4,0.0
2026-09-22 20:30:03,0,0.0,95.6,32,28,11.4,426.3,2015.4,0.0
2026-09-22 20:30:33,0,0.0,95.6,32,28,7.7,425.8,2015.4,0.0
2026-09-22 20:31:03,0,0.0,95.6,32,28,8.2,425.5,2015.4,0.0
2026-09-22 20:31:33,0,16.5,95.6,86,32,8.3,426.5,2015.4,1.5
2026-09-22 20:32:04,0,28.4,95.6,105,34,11.1,428.0,2015.4,2.7
2026-09-22 20:32:34,83,42.3,95.6,234,42,8.2,427.5,2015.4,2.8
2026-09-22 20:33:04,71,42.3,95.6,240,44,10.3,410.0,2015.4,3.0
2026-09-22 20:33:34,69,42.3,95.6,217,44,7.4,409.2,2015.4,3.0
2026-09-22 20:34:04,82,42.3,95.6,217,44,7.2,408.9,2015.4,3.0
2026-09-22 20:34:34,75,42.3,95.6,218,44,7.3,408.5,2015.4,3.0
2026-09-22 20:35:04,68,42.3,95.6,217,44,7.2,408.5,2015.4,3.0
2026-09-22 20:35:34,73,42.3,95.6,218,44,7.3,408.5,2015.4,3.0
2026-09-22 20:36:04,66,42.3,95.6,212,44,7.1,408.3,2015.4,3.0
2026-09-22 20:36:34,73,42.3,95.6,213,44,7.2,408.2,2015.4,3.0
2026-09-22 20:37:04,65,42.3,95.6,215,44,7.1,408.2,2015.4,3.0
2026-09-22 20:37:34,78,42.3,95.6,212,44,7.3,408.3,2015.4,3.0
2026-09-22 20:38:04,78,42.3,95.6,211,44,7.8,412.4,2015.4,3.0
2026-09-22 20:38:34,78,42.3,95.6,229,45,15.2,420.9,2015.4,3.0
2026-09-22 20:39:04,71,42.3,95.6,213,44,7.9,432.6,2015.4,3.0
2026-09-22 20:39:34,76,42.3,95.6,211,44,8.1,442.1,2015.4,3.0
2026-09-22 20:40:04,67,42.3,95.6,211,43,7.9,441.8,2015.4,3.0
2026-09-22 20:40:35,78,42.3,95.6,219,45,8.1,418.8,2015.4,3.0
2026-09-22 20:41:05,77,42.3,95.6,213,44,8.0,431.1,2015.4,3.0
2026-09-22 20:41:35,71,42.3,95.6,228,44,8.1,441.8,2015.4,3.0
2026-09-22 20:42:05,71,42.3,95.6,220,45,8.0,441.6,2015.4,3.0
2026-09-22 20:42:35,77,42.3,95.6,227,44,9.2,419.6,2015.4,3.0
2026-09-22 20:43:05,80,42.3,95.6,214,44,7.6,419.1,2015.4,3.0
2026-09-22 20:43:35,79,42.3,95.6,213,44,7.8,419.5,2015.4,3.4
2026-09-22 20:44:05,75,42.3,95.6,224,44,7.9,419.1,2015.4,3.4
2026-09-22 20:44:35,78,42.3,95.6,216,44,8.1,419.1,2015.4,3.4
2026-09-22 20:45:05,71,42.3,95.6,211,44,8.1,415.1,2015.4,3.4
2026-09-22 20:45:35,61,42.3,95.6,214,44,16.7,412.7,2015.4,3.4
2026-09-22 20:46:05,63,42.3,95.6,209,44,19.9,417.6,2015.4,3.4
2026-09-22 20:46:35,65,42.3,95.6,216,44,17.9,418.5,2015.4,3.4
2026-09-22 20:47:05,71,42.3,95.6,206,43,17.6,419.2,2015.4,3.4
2026-09-22 20:47:36,72,42.3,95.6,220,44,17.9,419.6,2015.4,3.4
2026-09-22 20:48:06,66,42.3,95.6,203,44,18.2,420.1,2015.4,3.4
2026-09-22 20:48:36,69,42.3,95.6,214,44,18.7,421.1,2015.4,3.4
2026-09-22 20:49:06,63,42.3,95.6,210,44,18.4,421.2,2015.4,3.4
2026-09-22 20:49:36,69,42.3,95.6,219,44,19.0,421.7,2015.4,3.4
2026-09-22 20:50:06,67,42.3,95.6,219,44,18.4,422.0,2015.4,3.4
2026-09-22 20:50:36,65,42.3,95.6,212,44,18.7,422.1,2015.4,3.4
2026-09-22 20:51:06,57,42.3,95.6,209,44,18.3,425.6,2015.4,3.4
2026-09-22 20:51:36,84,42.3,95.6,231,44,7.4,425.5,2015.4,3.4
2026-09-22 20:52:06,70,42.3,95.6,214,44,12.0,425.4,2015.4,3.4
2026-09-22 20:52:36,70,42.3,95.6,204,43,18.7,423.5,2015.4,3.4
2026-09-22 20:53:06,66,42.3,95.6,206,44,21.4,428.4,2015.4,3.4
2026-09-22 20:53:36,59,42.3,95.6,221,41,18.1,430.7,2015.4,3.4
2026-09-22 20:54:06,65,42.3,95.6,217,43,17.5,429.1,2015.4,3.4
2026-09-22 20:54:37,64,42.3,95.6,228,44,21.0,429.8,2015.4,3.4
2026-09-22 20:55:07,69,42.3,95.6,215,44,18.3,430.1,2015.4,3.4
2026-09-22 20:55:37,60,42.3,95.6,220,44,17.7,430.4,2015.4,3.4
2026-09-22 20:56:07,71,42.3,95.6,210,43,17.7,430.6,2015.4,3.4
2026-09-22 20:56:37,65,42.3,95.6,222,44,18.5,431.0,2015.4,3.4
2026-09-22 20:57:07,57,42.3,95.6,219,44,18.3,431.2,2015.4,3.4
2026-09-22 20:57:37,64,42.3,95.6,209,44,18.6,431.6,2015.4,3.4
2026-09-22 20:58:07,79,42.3,95.6,217,44,10.9,432.0,2015.4,3.4
2026-09-22 20:58:37,73,42.3,95.6,215,44,8.2,435.2,2015.4,3.4
2026-09-22 20:59:07,70,42.3,95.6,220,44,7.8,434.8,2015.4,3.4
2026-09-22 20:59:37,79,42.3,95.6,225,44,8.1,434.5,2015.4,3.4
2026-09-22 21:00:07,76,42.3,95.6,225,44,8.1,434.7,2015.4,3.4
2026-09-22 21:00:37,80,42.3,95.6,227,44,9.0,437.6,2015.4,3.4
2026-09-22 21:01:07,78,42.3,95.6,220,44,7.1,437.7,2015.4,3.4
2026-09-22 21:01:37,79,42.3,95.6,230,44,7.3,437.8,2015.4,3.4
2026-09-22 21:02:08,71,42.3,95.6,223,44,7.1,438.0,2015.4,3.4
2026-09-22 21:02:38,81,42.3,95.6,218,44,7.3,438.2,2015.4,3.4
2026-09-22 21:03:08,77,42.3,95.6,214,44,7.1,438.1,2015.4,3.4
2026-09-22 21:03:38,72,42.3,95.6,220,44,7.6,441.4,2015.4,3.4
2026-09-22 21:04:08,74,42.3,95.6,213,44,7.9,453.6,2015.4,3.4
2026-09-22 21:04:38,77,42.3,95.6,228,45,8.0,465.8,2015.4,3.4
2026-09-22 21:05:08,77,42.3,95.6,226,44,7.9,466.0,2015.4,3.4
2026-09-22 21:05:38,77,42.3,95.6,204,44,8.6,446.9,2015.4,3.4
2026-09-22 21:06:08,72,42.3,95.6,209,44,14.5,460.4,2015.4,3.4
2026-09-22 21:06:38,72,42.3,95.6,216,44,8.1,471.3,2015.4,3.4
2026-09-22 21:07:08,80,42.3,95.6,215,44,7.9,461.6,2015.4,3.4
2026-09-22 21:07:38,80,42.3,95.6,212,44,8.5,357.2,2015.4,3.4
2026-09-22 21:08:08,71,42.3,95.6,220,44,10.0,358.7,2015.4,3.4
2026-09-22 21:08:38,78,42.3,95.6,214,44,9.6,358.9,2015.4,3.4
2026-09-22 21:09:08,80,42.3,95.6,212,44,9.4,354.6,2015.4,3.4
2026-09-22 21:09:38,70,42.3,95.6,217,45,14.9,352.6,2015.4,3.4
2026-09-22 21:10:09,66,42.3,95.6,216,45,15.9,352.1,2015.4,3.4
2026-09-22 21:10:39,70,42.3,95.6,210,44,14.2,348.9,2015.4,3.4
2026-09-22 21:11:09,77,42.3,95.6,213,44,15.0,347.7,2015.4,3.4
2026-09-22 21:11:39,79,42.3,95.6,227,45,13.3,346.7,2015.4,3.4
2026-09-22 21:12:09,77,42.3,95.6,214,44,12.2,347.6,2015.4,3.4
2026-09-22 21:12:39,81,42.3,95.6,222,44,10.4,344.4,2015.4,3.4
2026-09-22 21:13:09,72,42.3,95.6,215,44,7.1,342.5,2015.4,3.4
2026-09-22 21:13:39,81,42.3,95.6,217,44,8.1,342.5,2015.4,3.4
2026-09-22 21:14:09,74,42.3,95.6,217,44,7.8,343.2,2015.4,3.4
2026-09-22 21:14:39,79,42.3,95.6,214,44,8.2,343.4,2015.4,3.4
2026-09-22 21:15:09,0,42.3,95.6,88,36,9.5,355.9,2015.4,3.4
2026-09-22 21:15:39,62,42.3,95.6,228,40,10.4,363.5,2015.4,3.4
2026-09-22 21:16:09,80,42.3,95.6,244,44,11.3,358.5,2015.4,3.4
2026-09-22 21:16:39,74,42.3,95.6,216,45,11.3,355.2,2015.4,3.4
2026-09-22 21:17:09,76,42.3,95.6,227,45,11.5,353.1,2015.4,3.4
2026-09-22 21:17:40,64,42.3,95.6,212,44,11.0,336.3,2015.4,3.4
2026-09-22 21:18:10,80,42.3,95.6,213,44,11.3,339.7,2015.4,3.4
2026-09-22 21:18:40,66,42.3,95.6,214,44,13.3,353.2,2015.4,3.4
2026-09-22 21:19:10,78,42.3,95.6,212,44,17.5,350.6,2015.4,3.4
2026-09-22 21:19:40,74,42.3,95.6,229,45,10.3,348.2,2015.4,3.4
2026-09-22 21:20:10,76,42.3,95.6,227,44,9.4,347.7,2015.4,3.4
2026-09-22 21:20:40,75,42.3,95.6,215,44,10.1,352.8,2015.4,3.4
2026-09-22 21:21:10,72,42.3,95.6,230,44,9.4,354.5,2015.4,3.4
2026-09-22 21:21:40,77,42.3,95.6,213,44,10.1,343.9,2015.4,3.4
2026-09-22 21:22:10,78,42.3,95.6,219,44,10.2,346.0,2015.4,3.4
2026-09-22 21:22:40,76,42.3,95.6,224,43,11.6,343.6,2015.4,3.4
2026-09-22 21:23:10,78,42.4,95.6,207,44,11.8,344.0,2015.4,3.4
2026-09-22 21:23:40,61,42.4,95.6,210,44,10.9,345.3,2015.4,3.4
2026-09-22 21:24:10,67,42.4,95.6,206,44,14.7,359.5,2015.4,3.4
2026-09-22 21:24:40,69,42.4,95.6,213,44,15.9,365.3,2015.4,3.4
2026-09-22 21:25:10,73,42.4,95.6,212,44,7.8,353.8,2015.4,3.4
2026-09-22 21:25:40,78,42.4,95.6,213,44,7.8,353.3,2015.4,3.4
2026-09-22 21:26:11,0,0.0,95.6,32,35,6.5,349.6,2015.4,0.0
2026-09-22 21:26:41,0,0.8,95.6,86,33,6.9,350.7,2015.4,0.0
2026-09-22 21:27:11,0,15.9,95.6,88,33,6.6,350.8,2015.4,0.0
2026-09-22 21:27:41,0,15.9,95.6,88,33,6.9,349.1,2015.4,0.0
2026-09-22 21:28:11,0,15.9,95.6,87,33,6.9,351.5,2015.4,0.0
2026-09-22 21:28:41,0,15.9,95.6,87,33,12.0,352.9,2015.4,0.0
2026-09-22 21:29:11,0,15.9,95.6,87,33,13.7,361.7,2015.4,0.0
2026-09-22 21:29:41,0,15.9,95.6,87,33,11.5,354.4,2015.4,0.0
2026-09-22 21:30:11,0,16.1,95.6,87,33,7.2,353.9,2015.4,0.0
2026-09-22 21:30:41,0,17.9,95.6,88,33,8.0,354.1,2015.4,0.0
2026-09-22 21:31:11,1,29.2,95.6,87,33,10.0,353.9,2015.4,0.0
2026-09-22 21:31:41,95,42.9,95.6,329,44,8.0,356.4,2015.4,0.0
2026-09-22 21:32:11,0,42.9,95.6,89,39,7.5,365.8,2015.4,0.0
2026-09-22 21:32:41,0,42.9,95.6,86,35,7.6,365.5,2015.4,0.0
2026-09-22 21:33:11,0,31.6,95.6,86,34,7.8,368.4,2015.4,0.0
2026-09-22 21:33:41,0,31.6,95.6,85,33,13.9,370.3,2015.4,0.0
2026-09-22 21:34:11,0,0.0,95.6,31,30,7.7,357.0,2015.4,0.0
2026-09-22 21:34:41,0,0.0,95.6,30,29,8.1,357.0,2015.4,0.0
2026-09-22 21:35:11,0,0.0,95.6,31,28,6.7,356.9,2015.4,0.0
2026-09-22 21:35:42,0,0.0,95.6,29,28,7.4,357.9,2015.4,0.0
2026-09-22 21:36:12,0,0.0,95.6,29,28,6.7,358.7,2015.4,0.0
2026-09-22 21:36:42,0,0.0,95.6,31,28,6.4,358.7,2015.4,0.0
2026-09-22 21:37:12,0,0.0,95.6,29,28,6.5,356.7,2015.4,0.0
2026-09-22 21:37:42,0,0.0,95.6,30,28,8.0,359.5,2015.4,0.0
2026-09-22 21:38:12,0,0.0,95.6,30,28,15.3,365.0,2015.4,0.0
2026-09-22 21:38:42,0,0.0,95.6,31,28,8.3,364.9,2015.4,0.0
2026-09-22 21:39:12,0,0.0,95.6,29,28,5.9,364.8,2015.4,0.0
2026-09-22 21:39:42,0,0.0,95.6,31,28,6.4,364.5,2015.4,0.0
2026-09-22 21:40:12,0,0.0,95.6,30,28,5.9,364.4,2015.4,0.0
2026-09-22 21:40:42,0,0.0,95.6,30,28,7.5,364.3,2015.4,0.0
2026-09-22 21:41:12,0,0.0,95.6,29,28,6.8,363.5,2015.4,0.0
2026-09-22 21:41:42,0,0.0,95.6,29,28,6.5,363.8,2015.4,0.0
2026-09-22 21:42:12,0,0.0,95.6,30,28,6.0,363.5,2015.4,0.0
2026-09-22 21:42:42,0,0.0,95.6,29,28,6.5,363.7,2015.4,0.0
2026-09-22 21:43:12,0,0.0,95.6,31,28,6.3,363.6,2015.4,0.0
2026-09-22 21:43:42,0,0.0,95.6,29,28,6.1,363.7,2015.4,0.0
2026-09-22 21:44:12,0,0.0,95.6,29,28,5.8,363.7,2015.4,0.0
2026-09-22 21:44:42,0,0.0,95.6,30,28,6.2,363.6,2015.4,0.0
2026-09-22 21:45:12,0,0.0,95.6,31,28,6.4,363.5,2015.4,0.0
2026-09-22 21:45:43,0,0.0,95.6,31,28,6.5,363.5,2015.4,0.0
2026-09-22 21:46:13,0,0.0,95.6,31,28,5.9,363.5,2015.4,0.0
2026-09-22 21:46:43,0,0.0,95.6,31,28,6.2,363.5,2015.4,0.0
2026-09-22 21:47:13,0,0.0,95.6,31,29,6.1,363.6,2015.4,0.0
2026-09-22 21:47:43,0,0.0,95.6,34,28,6.5,364.0,2015.4,0.0
2026-09-22 21:48:13,1,18.8,95.6,86,32,8.2,364.9,2015.4,0.0
2026-09-22 21:48:43,96,42.9,95.6,356,44,7.8,367.5,2015.4,0.0
2026-09-22 21:49:13,0,42.9,95.6,90,40,7.1,377.7,2015.4,0.0
2026-09-22 21:49:43,0,31.6,95.6,87,35,8.0,378.3,2015.4,0.0
2026-09-22 21:50:13,0,0.0,95.6,30,31,6.2,364.1,2015.4,0.0
2026-09-22 21:50:43,0,0.0,95.6,30,29,6.2,363.8,2015.4,0.0
2026-09-22 21:51:13,19,15.9,95.6,102,32,6.5,365.1,2015.4,0.0
2026-09-22 21:51:43,0,26.1,95.6,86,32,9.7,365.3,2015.4,0.0
2026-09-22 21:52:13,95,42.9,95.6,332,47,7.3,367.7,2015.4,0.0
2026-09-22 21:52:43,2,42.9,95.6,90,37,9.3,370.1,2015.4,0.0
2026-09-22 21:53:13,0,0.0,95.6,92,35,8.3,365.2,2015.4,0.0
2026-09-22 21:53:43,0,0.0,95.6,31,30,7.5,364.7,2015.4,0.0
2026-09-22 21:54:13,0,0.0,95.6,30,29,5.9,363.8,2015.4,0.0
2026-09-22 21:54:44,0,0.0,95.6,30,28,6.4,363.8,2015.4,0.0
2026-09-22 21:55:14,0,0.0,95.6,30,28,6.9,365.5,2015.4,0.0
2026-09-22 21:55:44,0,0.0,95.6,30,28,7.3,365.5,2015.4,0.0
2026-09-22 21:56:14,0,0.0,95.6,31,28,6.0,363.7,2015.4,0.0
2026-09-22 21:56:44,0,0.0,95.6,30,28,6.9,365.5,2015.4,0.0
2026-09-22 21:57:14,0,0.0,95.6,31,28,6.8,366.8,2015.4,0.0
2026-09-22 21:57:44,0,0.0,95.6,30,28,7.3,367.6,2015.4,0.0
2026-09-22 21:58:14,0,0.0,95.6,30,28,6.6,368.2,2015.4,0.0
2026-09-22 21:58:44,0,0.0,95.6,30,28,7.6,372.4,2015.4,0.0
2026-09-22 21:59:14,0,0.0,95.6,30,28,12.9,370.9,2015.4,0.0
2026-09-22 21:59:44,0,0.0,95.6,30,28,6.3,372.9,2015.4,0.0
2026-09-22 22:00:14,0,0.0,95.6,32,28,5.5,370.2,2015.4,0.0
2026-09-22 22:00:44,0,0.0,95.6,32,28,6.5,371.9,2015.4,0.0
2026-09-22 22:01:14,0,0.0,95.6,31,28,5.7,372.5,2015.4,0.0
2026-09-22 22:01:44,0,0.0,95.6,31,28,5.3,372.5,2015.4,0.0
2026-09-22 22:02:14,0,0.0,95.6,31,28,5.1,372.2,2015.4,0.0
2026-09-22 22:02:44,0,0.0,95.6,32,28,5.2,372.2,2015.4,0.0
2026-09-22 22:03:14,0,0.0,95.6,32,28,5.4,370.9,2015.4,0.0
2026-09-22 22:03:44,0,0.0,95.6,32,28,6.2,371.4,2015.4,0.0
2026-09-22 22:04:15,0,0.0,95.6,31,28,6.0,367.0,2015.4,0.0
2026-09-22 22:04:45,0,0.0,95.6,31,28,7.4,380.2,2015.4,0.0
2026-09-22 22:05:15,0,0.0,95.6,32,28,7.8,384.6,2015.4,0.0
2026-09-22 22:05:45,0,0.0,95.6,31,28,9.4,383.6,2015.4,0.0
2026-09-22 22:06:15,0,0.0,95.6,31,28,9.7,382.0,2015.4,0.0
2026-09-22 22:06:45,0,0.0,95.6,32,28,8.9,381.1,2015.4,0.0
2026-09-22 22:07:15,0,0.0,95.6,32,28,10.2,414.8,2015.4,0.0
2026-09-22 22:07:45,0,0.0,95.6,32,28,21.0,424.7,2015.4,0.0
2026-09-22 22:08:15,0,0.0,95.6,32,28,9.9,426.0,2015.4,0.0
2026-09-22 22:08:45,0,0.0,95.6,32,28,8.5,424.0,2015.4,0.0
2026-09-22 22:09:15,0,0.0,95.6,31,28,7.4,424.2,2015.4,0.0
2026-09-22 22:09:45,0,0.0,95.6,32,28,8.1,426.0,2015.4,0.0
2026-09-22 22:10:15,0,0.0,95.6,32,28,7.5,426.8,2015.4,0.0
2026-09-22 22:10:45,0,0.0,95.6,31,28,8.2,427.5,2015.4,0.0
2026-09-22 22:11:15,0,0.0,95.6,32,28,12.6,427.7,2015.4,0.0
2026-09-22 22:11:45,0,0.0,95.6,32,28,15.6,444.1,2015.4,0.0
2026-09-22 22:12:15,0,0.0,95.6,31,28,13.3,439.5,2015.4,0.0
2026-09-22 22:12:45,0,0.0,95.6,32,28,11.8,438.7,2015.4,0.0
2026-09-22 22:13:16,0,0.0,95.6,31,28,15.3,458.9,2015.4,0.0
2026-09-22 22:13:46,0,0.0,95.6,32,28,21.6,469.8,2015.4,0.0
2026-09-22 22:14:16,0,0.0,95.6,32,28,23.5,476.8,2015.4,0.0
2026-09-22 22:14:46,0,0.0,95.6,32,28,21.4,465.8,2015.4,0.0
2026-09-22 22:15:16,0,0.0,95.6,30,28,19.0,468.7,2015.4,0.0
2026-09-22 22:15:46,0,0.0,95.6,30,28,21.8,471.3,2015.4,0.0
2026-09-22 22:16:16,0,0.0,95.6,31,28,18.4,474.5,2015.4,0.0
2026-09-22 22:16:46,0,0.0,95.6,30,28,18.2,469.8,2015.4,0.0
2026-09-22 22:17:16,0,0.0,95.6,30,28,18.3,471.5,2015.4,0.0
2026-09-22 22:17:46,0,0.0,95.6,30,28,17.6,469.6,2015.4,0.0
2026-09-22 22:18:16,0,0.0,95.6,29,28,17.6,474.3,2015.4,0.0
2026-09-22 22:18:46,0,0.0,95.6,30,28,18.7,475.7,2015.4,0.0
2026-09-22 22:19:16,0,0.0,95.6,29,28,24.4,474.8,2015.4,0.0
2026-09-22 22:19:46,0,0.0,95.6,31,28,21.3,478.5,2015.4,0.0
2026-09-22 22:20:16,0,0.0,95.6,30,28,24.6,490.1,2015.4,0.0
2026-09-22 22:20:47,0,0.0,95.6,30,28,18.3,477.8,2015.4,0.0
2026-09-22 22:21:17,0,0.0,95.6,30,28,18.8,479.3,2015.4,0.0
2026-09-22 22:21:47,0,0.0,95.6,31,28,14.2,478.5,2015.4,0.0
2026-09-22 22:22:17,0,0.0,95.6,30,28,8.2,478.9,2015.4,0.0
2026-09-22 22:22:47,0,0.0,95.6,30,28,6.6,478.5,2015.4,0.0
2026-09-22 22:23:17,0,0.0,95.6,30,28,4.3,478.7,2015.4,0.0
2026-09-22 22:23:47,0,0.0,95.6,30,28,10.2,478.7,2015.4,0.0
2026-09-22 22:24:17,0,0.0,95.6,30,28,12.5,490.1,2015.4,0.0
2026-09-22 22:24:47,0,0.0,95.6,30,28,24.0,509.8,2015.4,0.0
2026-09-22 22:25:17,0,0.0,95.6,30,28,10.9,495.0,2015.4,0.0
2026-09-22 22:25:47,0,0.0,95.6,30,28,2.9,494.2,2015.4,0.0
2026-09-22 22:26:17,0,0.0,95.6,30,28,2.8,489.9,2015.4,0.0
2026-09-22 22:26:47,0,0.0,95.6,30,28,8.8,493.7,2015.4,0.0
2026-09-22 22:27:17,0,0.0,95.6,29,28,13.8,506.8,2015.4,0.0
2026-09-22 22:27:47,0,0.0,95.6,29,28,7.5,496.7,2015.4,0.0
2026-09-22 22:28:17,0,0.0,95.6,30,28,12.5,498.7,2015.4,0.0
2026-09-22 22:28:47,0,0.0,95.6,29,28,8.7,500.9,2015.4,0.0
2026-09-22 22:29:18,0,0.0,95.6,30,28,8.6,503.0,2015.4,0.0
2026-09-22 22:29:48,0,0.0,95.6,29,28,8.4,504.6,2015.4,0.0
2026-09-22 22:30:18,0,0.0,95.6,30,28,8.1,503.7,2015.4,0.0
2026-09-22 22:30:48,0,0.0,95.6,30,28,8.6,507.3,2015.4,0.0
2026-09-22 22:31:18,0,0.0,95.6,30,28,7.3,516.2,2015.4,0.0
2026-09-22 22:31:48,0,0.0,95.6,30,28,7.2,515.1,2015.4,0.0
2026-09-22 22:32:18,0,0.0,95.6,30,28,7.3,511.9,2015.4,0.0
2026-09-22 22:32:48,0,0.0,95.6,30,28,12.4,513.4,2015.4,0.0
2026-09-22 22:33:18,0,0.0,95.6,30,28,8.7,514.7,2015.4,0.0
2026-09-22 22:33:48,0,0.0,95.6,30,28,8.2,515.5,2015.4,0.0
2026-09-22 22:34:18,0,0.0,95.6,30,28,7.6,515.1,2015.4,0.0
2026-09-22 22:34:48,0,0.0,95.6,31,28,8.2,514.1,2015.4,0.0
2026-09-22 22:35:18,0,0.0,95.6,30,28,12.1,518.7,2015.4,0.0
2026-09-22 22:35:48,0,0.0,95.6,31,28,14.4,521.5,2015.4,0.0
2026-09-22 22:36:18,0,0.0,95.6,29,28,13.2,524.5,2015.4,0.0
2026-09-22 22:36:48,0,0.0,95.6,31,28,9.9,527.6,2015.4,0.0
2026-09-22 22:37:19,0,0.0,95.6,30,28,12.7,529.6,2015.4,0.0
2026-09-22 22:37:49,0,0.0,95.6,29,28,9.7,526.0,2015.4,0.0
2026-09-22 22:38:19,0,0.0,95.6,30,28,7.8,525.7,2015.4,0.0
2026-09-22 22:38:49,0,0.0,95.6,30,28,7.7,525.4,2015.4,0.0
2026-09-22 22:39:19,0,0.0,95.6,31,28,7.5,525.0,2015.4,0.0
2026-09-22 22:39:49,0,0.0,95.6,30,28,9.1,528.0,2015.4,0.0
2026-09-22 22:40:19,0,0.0,95.6,30,28,14.6,533.6,2015.4,0.0
2026-09-22 22:40:49,0,0.0,95.6,30,28,10.8,437.5,2015.4,0.0
2026-09-22 22:41:19,0,0.0,95.6,30,28,6.8,327.5,2015.4,0.0
2026-09-22 22:41:49,0,0.0,95.6,30,28,10.2,329.7,2015.4,0.0
2026-09-22 22:42:19,0,0.0,95.6,30,28,9.6,327.5,2015.4,0.0
2026-09-22 22:42:49,0,0.0,95.6,31,28,6.1,326.7,2015.4,0.0
2026-09-22 22:43:19,0,0.0,95.6,30,28,5.7,322.9,2015.4,0.0
2026-09-22 22:43:49,0,0.0,95.6,30,28,5.7,325.7,2015.4,0.0
2026-09-22 22:44:19,0,0.0,95.6,30,28,5.2,325.6,2015.4,0.0
2026-09-22 22:44:49,0,0.0,95.6,30,28,5.1,325.2,2015.4,0.0
2026-09-22 22:45:19,0,0.0,95.6,30,28,5.2,325.3,2015.4,0.0
2026-09-22 22:45:49,0,0.0,95.6,30,28,5.2,325.4,2015.4,0.0
2026-09-22 22:46:19,0,0.0,95.6,30,28,4.8,325.4,2015.4,0.0
2026-09-22 22:46:50,0,0.0,95.6,30,28,5.1,185.8,2015.4,0.0
2026-09-22 22:47:20,0,0.0,95.6,30,28,5.5,82.2,2015.4,0.0
2026-09-22 22:47:50,0,0.0,95.6,31,28,5.9,81.6,2015.4,0.0
2026-09-22 22:48:20,0,0.0,95.6,30,28,10.1,86.2,2015.4,0.0
2026-09-22 22:48:50,0,0.0,95.6,31,28,9.2,95.6,2015.4,0.0
2026-09-22 22:49:20,0,0.0,95.6,31,28,8.8,101.8,2015.4,0.0
2026-09-22 22:49:50,0,0.0,95.6,30,28,9.3,107.1,2015.4,0.0
2026-09-22 22:50:20,0,0.0,95.6,31,28,8.7,113.6,2015.4,0.0
2026-09-22 22:50:50,0,0.0,95.6,30,28,8.0,114.8,2015.4,0.0
2026-09-22 22:51:20,0,0.0,95.6,30,28,7.1,120.8,2015.4,0.0
2026-09-22 22:51:50,0,0.0,95.6,30,28,7.9,146.3,2015.4,0.0
2026-09-22 22:52:20,0,0.0,95.6,30,28,8.3,145.6,2015.4,0.0
2026-09-22 22:52:50,0,0.0,95.6,30,28,8.0,140.7,2015.4,0.0
2026-09-22 22:53:21,0,0.0,95.6,30,28,11.1,149.4,2015.4,0.0
2026-09-22 22:53:51,0,0.0,95.6,31,28,9.1,164.8,2015.4,0.0
2026-09-22 22:54:21,0,0.0,95.6,30,28,6.6,172.2,2015.4,0.0
2026-09-22 22:54:51,0,0.0,95.6,31,28,6.3,169.5,2015.4,0.0
2026-09-22 22:55:21,0,0.0,95.6,30,28,6.2,168.0,2015.4,0.0
2026-09-22 22:55:51,0,0.0,95.6,30,28,6.9,169.4,2015.4,0.0
2026-09-22 22:56:21,0,0.0,95.6,31,28,6.4,169.7,2015.4,0.0
2026-09-22 22:56:51,0,0.0,95.6,30,28,6.4,169.3,2015.4,0.0
2026-09-22 22:57:21,0,0.0,95.6,31,28,6.3,169.0,2015.4,0.0
2026-09-22 22:57:51,0,0.0,95.6,30,28,7.4,175.8,2015.4,0.0
2026-09-22 22:58:21,0,0.0,95.6,30,28,7.1,180.4,2015.4,0.0
2026-09-22 22:58:51,0,0.0,95.6,31,28,6.3,183.9,2015.4,0.0
2026-09-22 22:59:21,0,0.0,95.6,30,28,6.6,188.5,2015.4,0.0
2026-09-22 22:59:51,0,0.0,95.6,31,28,6.4,191.5,2015.4,0.0
2026-09-22 23:00:21,0,0.0,95.6,31,28,6.8,191.9,2015.4,0.0
2026-09-22 23:00:51,0,0.0,95.6,31,28,6.6,177.9,2015.4,0.0
2026-09-22 23:01:21,0,0.0,95.6,30,28,6.4,179.7,2015.4,0.0
2026-09-22 23:01:51,0,0.0,95.6,32,28,6.6,185.9,2015.4,0.0
2026-09-22 23:02:21,0,0.0,95.6,31,28,7.4,189.6,2015.4,0.0
2026-09-22 23:02:51,0,0.0,95.6,32,28,6.3,193.5,2015.4,0.0
2026-09-22 23:03:22,0,0.0,95.6,31,28,6.4,191.5,2015.4,0.0
2026-09-22 23:03:52,0,0.0,95.6,30,28,6.4,186.4,2015.4,0.0
2026-09-22 23:04:22,0,0.0,95.6,31,28,6.5,189.6,2015.4,0.0
2026-09-22 23:04:52,0,0.0,95.6,31,28,6.4,188.6,2015.4,0.0
2026-09-22 23:05:22,0,0.0,95.6,31,28,14.0,184.1,2015.4,0.0
2026-09-22 23:05:52,0,0.0,95.6,31,28,17.2,175.7,2015.4,0.0
2026-09-22 23:06:22,0,0.0,95.6,31,28,22.0,160.3,2015.4,0.0
2026-09-22 23:06:52,0,0.0,95.6,31,28,18.4,155.9,2015.4,0.0
2026-09-22 23:07:22,0,0.0,95.6,31,28,18.5,159.8,2015.4,0.0
2026-09-22 23:07:52,0,0.0,95.6,31,28,16.8,159.7,2015.4,0.0
2026-09-22 23:08:22,0,0.0,95.6,31,28,17.2,147.3,2015.4,0.0
2026-09-22 23:08:52,0,0.0,95.6,31,28,16.8,148.0,2015.4,0.0
2026-09-22 23:09:22,0,0.0,95.6,30,28,17.4,147.4,2015.4,0.0
2026-09-22 23:09:52,0,0.0,95.6,31,28,15.9,147.5,2015.4,0.0
2026-09-22 23:10:22,0,0.0,95.6,31,28,21.6,165.0,2015.4,0.0
2026-09-22 23:10:52,0,0.0,95.6,31,28,17.2,164.2,2015.4,0.0
2026-09-22 23:11:22,0,0.0,95.6,30,28,6.6,163.9,2015.4,0.0
2026-09-22 23:11:52,0,0.0,95.6,31,28,6.2,149.6,2015.4,0.0
2026-09-22 23:12:22,0,0.0,95.6,31,28,6.2,148.9,2015.4,0.0
2026-09-22 23:12:52,0,0.0,95.6,31,28,6.5,148.8,2015.4,0.0
2026-09-22 23:13:23,0,0.0,95.6,31,28,6.4,147.5,2015.4,0.0
2026-09-22 23:13:53,0,0.0,95.6,30,28,5.5,146.9,2015.4,0.0
2026-09-22 23:14:23,0,0.0,95.6,31,28,9.9,162.2,2015.4,0.0
2026-09-22 23:14:53,0,0.0,95.6,31,28,8.4,165.7,2015.4,0.0
2026-09-22 23:15:23,0,0.0,95.6,30,28,16.7,164.6,2015.4,0.0
2026-09-22 23:15:53,0,0.0,95.6,29,28,17.2,151.7,2015.4,0.0
2026-09-22 23:16:23,0,0.0,95.6,29,28,17.1,152.3,2015.4,0.0
2026-09-22 23:16:53,0,0.0,95.6,29,28,17.1,153.4,2015.4,0.0
2026-09-22 23:17:23,0,0.0,95.6,30,28,21.3,168.9,2015.4,0.0
2026-09-22 23:17:53,0,0.0,95.6,29,28,8.0,162.5,2015.4,0.0
2026-09-22 23:18:23,0,0.0,95.6,30,28,9.0,170.2,2015.4,0.0
2026-09-22 23:18:53,0,0.0,95.6,30,28,7.3,171.1,2015.4,0.0
2026-09-22 23:19:23,0,0.0,95.6,30,28,7.5,153.3,2015.4,0.0
2026-09-22 23:19:53,0,0.0,95.6,30,28,6.5,152.9,2015.4,0.0
2026-09-22 23:20:23,0,0.0,95.6,29,28,6.7,152.2,2015.4,0.0
2026-09-22 23:20:53,0,0.0,95.6,30,28,9.6,170.5,2015.4,0.0
2026-09-22 23:21:23,0,0.0,95.6,30,28,7.8,168.2,2015.4,0.0
2026-09-22 23:21:53,0,0.0,95.6,31,28,6.2,168.8,2015.4,0.0
2026-09-22 23:22:24,0,0.0,95.6,29,28,6.0,151.3,2015.4,0.0
2026-09-22 23:22:54,0,0.0,95.6,30,28,6.0,151.3,2015.4,0.0
2026-09-22 23:23:24,0,0.0,95.6,30,28,6.2,151.7,2015.4,0.0
2026-09-22 23:23:54,0,0.0,95.6,30,28,8.9,170.9,2015.4,0.0
2026-09-22 23:24:24,0,0.0,95.6,30,28,7.1,158.1,2015.4,0.0
2026-09-22 23:24:54,0,0.0,95.6,30,28,7.6,170.1,2015.4,0.0
2026-09-22 23:25:24,0,0.0,95.6,31,28,8.0,172.8,2015.4,0.0
2026-09-22 23:25:54,0,0.0,95.6,29,28,8.5,169.6,2015.4,0.0
2026-09-22 23:26:24,0,0.0,95.6,30,28,7.8,165.6,2015.4,0.0
2026-09-22 23:26:54,0,0.0,95.6,30,28,8.2,162.0,2015.4,0.0
2026-09-22 23:27:24,0,0.0,95.6,30,28,10.8,179.3,2015.4,0.0
2026-09-22 23:27:54,0,0.0,95.6,30,28,8.9,179.0,2015.4,0.0
2026-09-22 23:28:24,0,0.0,95.6,29,28,7.2,176.9,2015.4,0.0
2026-09-22 23:28:54,0,0.0,95.6,30,28,6.7,174.5,2015.4,0.0
2026-09-22 23:29:24,0,0.0,95.6,30,28,6.4,172.6,2015.4,0.0
2026-09-22 23:29:54,0,0.0,95.6,30,28,7.2,157.6,2015.4,0.0
2026-09-22 23:30:24,0,0.0,95.6,30,28,7.2,150.4,2015.4,0.0
2026-09-22 23:30:54,0,0.0,95.6,31,28,6.8,149.8,2015.4,0.0
2026-09-22 23:31:24,0,0.0,95.6,30,28,9.5,164.9,2015.4,0.0
2026-09-22 23:31:54,0,0.0,95.6,30,28,9.1,148.5,2015.4,0.0
2026-09-22 23:32:24,0,0.0,95.6,29,28,8.3,165.3,2015.4,0.0
2026-09-22 23:32:54,0,0.0,95.6,29,28,6.7,165.9,2015.4,0.0
2026-09-22 23:33:25,0,0.0,95.6,31,28,6.4,147.8,2015.4,0.0
2026-09-22 23:33:55,0,0.0,95.6,30,28,6.3,147.4,2015.4,0.0
2026-09-22 23:34:25,0,0.0,95.6,30,28,6.5,148.0,2015.4,0.0
2026-09-22 23:34:55,0,0.0,95.6,30,28,10.9,168.1,2015.4,0.0
2026-09-22 23:35:25,0,0.0,95.6,30,28,8.2,167.3,2015.4,0.0
2026-09-22 23:35:55,0,0.0,95.6,30,28,6.7,166.4,2015.4,0.0
2026-09-22 23:36:25,0,0.0,95.6,29,28,6.3,149.0,2015.4,0.0
2026-09-22 23:36:55,0,0.0,95.6,32,28,6.3,148.3,2015.4,0.0
2026-09-22 23:37:25,0,0.0,95.6,29,28,7.2,167.5,2015.4,0.0
2026-09-22 23:37:55,0,0.0,95.6,29,28,10.8,165.0,2015.4,0.0
2026-09-22 23:38:25,0,0.0,95.6,30,28,8.1,164.8,2015.4,0.0
2026-09-22 23:38:55,0,0.0,95.6,29,28,7.4,165.0,2015.4,0.0
2026-09-22 23:39:25,0,0.0,95.6,31,28,6.7,147.8,2015.4,0.0
2026-09-22 23:39:55,0,0.0,95.6,30,28,7.3,148.4,2015.4,0.0
2026-09-22 23:40:25,0,0.0,95.6,29,28,8.9,158.1,2015.4,0.0
2026-09-22 23:40:55,0,0.0,95.6,30,28,9.5,164.7,2015.4,0.0
2026-09-22 23:41:25,0,0.0,95.6,29,28,8.7,167.5,2015.4,0.0
2026-09-22 23:41:55,0,0.0,95.6,30,28,6.8,164.8,2015.4,0.0
2026-09-22 23:42:25,0,0.0,95.6,30,28,7.9,150.9,2015.4,0.0
2026-09-22 23:42:55,0,0.0,95.6,30,28,6.6,146.6,2015.4,0.0
2026-09-22 23:43:25,0,0.0,95.6,29,28,16.8,147.8,2015.4,0.0
2026-09-22 23:43:56,0,0.0,95.6,31,28,18.5,155.2,2015.4,0.0
2026-09-22 23:44:26,0,0.0,95.6,29,28,22.1,169.0,2015.4,0.0
2026-09-22 23:44:56,0,0.0,95.6,30,28,19.9,169.7,2015.4,0.0
2026-09-22 23:45:26,0,0.0,95.6,32,28,17.2,172.7,2015.4,0.0
2026-09-22 23:45:56,0,0.0,95.6,32,28,6.9,149.8,2015.4,0.0
2026-09-22 23:46:26,0,0.0,95.6,32,28,6.2,148.8,2015.4,0.0
2026-09-22 23:46:56,0,0.0,95.6,32,28,6.4,148.1,2015.4,0.0
2026-09-22 23:47:26,0,0.0,95.6,31,28,7.2,126.8,2015.4,0.0
2026-09-22 23:47:56,0,0.0,95.6,32,28,5.5,126.2,2015.4,0.0
2026-09-22 23:48:26,0,0.0,95.6,32,28,6.3,126.5,2015.4,0.0
2026-09-22 23:48:56,0,0.0,95.6,32,28,5.6,126.0,2015.4,0.0
2026-09-22 23:49:26,0,0.0,95.6,32,28,5.7,126.1,2015.4,0.0
2026-09-22 23:49:56,0,0.0,95.6,32,28,5.9,126.1,2015.4,0.0
2026-09-22 23:50:26,0,0.0,95.6,32,28,5.5,125.7,2015.4,0.0
2026-09-22 23:50:56,0,0.0,95.6,31,28,5.9,125.6,2015.4,0.0
2026-09-22 23:51:26,0,0.0,95.6,31,28,5.7,125.6,2015.4,0.0
2026-09-22 23:51:56,0,0.0,95.6,33,28,5.8,125.9,2015.4,0.0
2026-09-22 23:52:26,0,0.0,95.6,32,28,6.3,126.3,2015.4,0.0
2026-09-22 23:52:56,0,0.0,95.6,32,28,6.0,127.1,2015.4,0.0
2026-09-22 23:53:26,0,0.8,95.6,85,30,6.8,128.4,2015.4,1.3
2026-09-22 23:53:56,0,15.9,95.6,87,32,6.6,131.4,2015.4,7.4
2026-09-22 23:54:27,0,15.9,95.6,88,32,6.1,128.5,2015.4,14.4
2026-09-22 23:54:57,3,15.9,95.6,87,33,6.3,129.2,2015.4,21.6
2026-09-22 23:55:27,1,15.9,95.6,87,33,6.0,128.7,2015.4,28.7
2026-09-22 23:55:57,0,15.9,95.6,87,33,11.4,129.0,2015.4,35.4
2026-09-22 23:56:27,0,15.9,95.6,88,33,16.6,129.7,2015.4,42.2
2026-09-22 23:56:57,1,16.1,95.6,89,33,17.2,130.3,2015.4,49.1
2026-09-22 23:57:27,1,17.6,95.6,87,33,17.1,133.1,2015.4,55.9
2026-09-22 23:57:57,0,26.1,95.6,90,33,20.6,135.1,2015.4,1.6
2026-09-22 23:58:27,0,26.1,95.6,87,33,10.0,136.4,2015.4,2.0
2026-09-22 23:58:57,96,42.9,95.6,316,48,8.0,137.8,2015.4,3.6
2026-09-22 23:59:27,96,42.9,95.6,322,52,7.8,137.0,2015.4,3.6
2026-09-22 23:59:57,96,42.9,95.6,332,53,7.7,137.1,2015.4,3.6
2026-09-23 00:00:27,94,42.9,95.6,334,54,8.1,136.7,2015.4,3.6
2026-09-23 00:00:57,95,42.9,95.6,333,53,8.0,135.9,2015.4,3.6
2026-09-23 00:01:27,93,42.9,95.6,332,55,9.7,144.5,2015.4,3.6
2026-09-23 00:01:57,95,42.9,95.6,328,54,11.4,166.0,2015.4,3.6
2026-09-23 00:02:27,96,42.9,95.6,320,54,10.1,176.7,2015.4,3.6
2026-09-23 00:02:57,96,42.9,95.6,325,55,8.1,173.9,2015.4,3.6
2026-09-23 00:03:27,95,42.9,95.6,317,49,7.2,175.8,2015.4,3.7
2026-09-23 00:03:57,96,42.9,95.6,326,52,7.1,174.0,2015.4,3.7
2026-09-23 00:04:28,96,42.9,95.6,333,53,7.3,175.6,2015.4,3.7
2026-09-23 00:04:58,96,42.9,95.6,336,54,8.1,176.2,2015.4,3.7
2026-09-23 00:05:28,96,42.9,95.6,322,54,7.7,177.8,2015.4,3.7
2026-09-23 00:05:58,95,42.9,95.6,328,55,7.8,177.3,2015.4,3.7
2026-09-23 00:06:28,96,42.9,95.6,334,55,8.3,177.1,2015.4,3.7
2026-09-23 00:06:58,94,42.9,95.6,338,55,8.2,177.1,2015.4,3.7
2026-09-23 00:07:28,95,42.9,95.6,334,55,7.9,177.0,2015.4,3.7
2026-09-23 00:07:58,8,42.9,95.6,89,48,8.7,189.1,2015.4,7.3
2026-09-23 00:08:28,91,42.9,95.6,316,50,8.4,197.6,2015.4,4.8
2026-09-23 00:08:58,95,42.9,95.6,320,52,8.4,206.0,2015.4,4.8
2026-09-23 00:09:28,95,42.9,95.6,321,54,9.4,206.6,2015.4,4.8
2026-09-23 00:09:58,96,42.9,95.6,328,54,9.0,204.8,2015.4,4.8
2026-09-23 00:10:28,92,42.9,95.6,321,53,8.3,208.3,2015.4,4.8
2026-09-23 00:10:58,92,43.0,95.6,323,54,8.6,211.6,2015.4,4.8
2026-09-23 00:11:28,93,43.0,95.6,316,53,8.6,217.9,2015.4,4.8
2026-09-23 00:11:58,93,43.0,95.6,328,54,8.9,215.6,2015.4,4.8
2026-09-23 00:12:28,89,43.0,95.6,323,55,8.2,212.5,2015.4,4.8
2026-09-23 00:12:58,0,43.0,95.6,85,45,7.8,221.0,2015.4,13.2
2026-09-23 00:13:29,0,43.0,95.6,89,38,7.4,221.0,2015.4,13.2
2026-09-23 00:13:59,90,43.0,95.6,327,48,8.8,216.4,2015.4,5.8
2026-09-23 00:14:29,94,43.0,95.6,313,51,8.1,217.7,2015.4,5.8
2026-09-23 00:14:59,94,43.0,95.6,319,52,8.9,217.7,2015.4,5.8
2026-09-23 00:15:29,91,43.0,95.6,328,53,8.8,217.7,2015.4,5.8
2026-09-23 00:15:59,94,43.0,95.6,317,54,8.8,217.8,2015.4,5.8
2026-09-23 00:16:29,93,43.0,95.6,321,53,8.4,217.7,2015.4,5.8
2026-09-23 00:16:59,92,43.0,95.6,323,54,8.0,217.0,2015.4,5.8
2026-09-23 00:17:29,92,43.0,95.6,316,54,8.6,215.8,2015.4,5.8
2026-09-23 00:17:59,91,43.0,95.6,335,54,9.7,222.2,2015.4,5.8
2026-09-23 00:18:29,0,43.0,95.6,88,44,9.0,242.4,2015.4,13.2
2026-09-23 00:18:59,0,43.0,95.6,87,37,8.2,243.7,2015.4,13.2
2026-09-23 00:19:29,93,43.0,95.6,310,47,8.3,236.2,2015.4,6.5
2026-09-23 00:19:59,94,43.0,95.6,319,50,11.2,240.5,2015.4,6.5
2026-09-23 00:20:29,93,43.0,95.6,323,53,7.6,240.1,2015.4,6.5
2026-09-23 00:20:59,93,43.0,95.6,315,54,8.1,242.4,2015.4,6.5
2026-09-23 00:21:30,93,43.0,95.6,329,53,8.3,243.9,2015.4,6.5
2026-09-23 00:22:00,92,43.0,95.6,316,53,8.3,241.6,2015.4,6.5
2026-09-23 00:22:30,88,43.0,95.6,271,52,8.2,241.1,2015.4,6.5
2026-09-23 00:23:00,92,43.0,95.6,320,54,7.5,240.9,2015.4,6.5
2026-09-23 00:23:30,93,43.0,95.6,323,55,7.8,240.9,2015.4,6.5
2026-09-23 00:24:00,0,43.0,95.6,85,45,7.9,247.9,2015.4,13.2
2026-09-23 00:24:30,93,43.0,95.6,321,51,8.1,242.9,2015.4,7.2
2026-09-23 00:25:00,94,43.0,95.6,316,52,8.1,242.1,2015.4,7.2
2026-09-23 00:25:30,93,43.0,95.6,333,53,9.2,245.9,2015.4,7.2
2026-09-23 00:26:00,92,43.0,95.6,311,54,8.9,244.1,2015.4,7.2
2026-09-23 00:26:30,93,43.0,95.6,321,54,9.6,246.4,2015.4,7.2
2026-09-23 00:27:00,92,43.0,95.6,320,54,7.1,247.2,2015.4,7.2
2026-09-23 00:27:30,94,43.0,95.6,317,54,7.9,247.0,2015.4,7.2
2026-09-23 00:28:00,89,43.0,95.6,325,53,7.1,247.9,2015.4,7.2
2026-09-23 00:28:30,92,43.0,95.6,317,54,7.8,247.2,2015.4,7.2
2026-09-23 00:29:00,0,43.0,95.6,86,46,7.8,253.5,2015.4,13.2
2026-09-23 00:29:30,93,43.0,95.6,320,50,8.1,248.3,2015.4,7.7
2026-09-23 00:30:01,94,43.0,95.6,315,52,7.9,246.4,2015.4,7.7
2026-09-23 00:30:31,88,43.0,95.6,325,53,7.7,246.6,2015.4,7.7
2026-09-23 00:31:01,92,43.0,95.6,316,53,8.2,194.3,2015.4,7.7
2026-09-23 00:31:31,94,43.0,95.6,314,54,7.6,191.9,2015.4,7.7
2026-09-23 00:32:01,91,43.0,95.6,332,54,13.2,196.0,2015.4,7.7
2026-09-23 00:32:31,93,43.0,95.6,317,55,13.6,196.1,2015.4,7.7
2026-09-23 00:33:01,93,43.0,95.6,332,55,8.0,192.7,2015.4,7.7
2026-09-23 00:33:31,94,43.0,95.6,319,55,6.8,192.9,2015.4,7.7
2026-09-23 00:34:01,0,43.0,95.6,86,46,6.1,196.9,2015.4,13.2
2026-09-23 00:34:31,93,43.0,95.6,325,49,8.4,193.4,2015.4,7.2
2026-09-23 00:35:01,92,43.0,95.6,314,51,11.7,199.1,2015.4,7.2
2026-09-23 00:35:31,91,43.0,95.6,328,53,9.0,197.8,2015.4,7.2
2026-09-23 00:36:01,94,43.0,95.6,318,53,8.6,195.1,2015.4,7.2
2026-09-23 00:36:31,92,43.0,95.6,326,53,7.1,194.5,2015.4,7.2
2026-09-23 00:37:01,92,42.9,95.6,321,54,7.0,191.4,2015.4,7.2
2026-09-23 00:37:31,94,42.9,95.6,316,54,12.7,201.8,2015.4,7.2
2026-09-23 00:38:01,92,42.9,95.6,324,54,12.9,203.3,2015.4,7.2
2026-09-23 00:38:32,93,43.0,95.6,313,54,8.2,200.8,2015.4,7.2
2026-09-23 00:39:02,92,43.0,95.6,330,53,9.3,210.1,2015.4,7.2
2026-09-23 00:39:32,94,43.0,95.6,314,49,9.0,219.1,2015.4,7.2
2026-09-23 00:40:02,94,43.0,95.6,322,52,9.9,224.5,2015.4,7.2
2026-09-23 00:40:32,91,43.0,95.6,333,53,13.0,225.5,2015.4,7.2
2026-09-23 00:41:02,94,43.0,95.6,316,54,9.3,215.7,2015.4,7.2
2026-09-23 00:41:32,94,43.0,95.6,329,53,9.9,212.7,2015.4,7.2
2026-09-23 00:42:02,94,43.0,95.6,315,54,8.0,208.9,2015.4,7.2
2026-09-23 00:42:32,94,43.0,95.6,317,54,7.9,206.4,2015.4,7.2
2026-09-23 00:43:02,91,43.0,95.6,334,54,8.6,204.7,2015.4,7.2
2026-09-23 00:43:32,94,43.0,95.6,315,54,8.8,201.1,2015.4,7.2
2026-09-23 00:44:02,94,43.0,95.6,331,54,12.1,212.8,2015.4,7.2
2026-09-23 00:44:32,2,43.0,95.6,91,40,13.8,214.2,2015.4,7.9
2026-09-23 00:45:02,94,43.0,95.6,314,50,7.1,213.5,2015.4,7.9
2026-09-23 00:45:32,94,43.0,95.6,322,52,7.6,213.2,2015.4,7.9
2026-09-23 00:46:02,91,43.0,95.6,322,54,7.7,214.5,2015.4,7.9
2026-09-23 00:46:32,94,43.0,95.6,312,54,6.6,212.1,2015.4,7.9
2026-09-23 00:47:03,93,43.0,95.6,328,53,6.8,211.7,2015.4,7.9
2026-09-23 00:47:33,92,43.0,95.6,320,54,6.9,211.5,2015.4,7.9
2026-09-23 00:48:03,93,43.0,95.6,318,55,6.6,211.5,2015.4,7.9
2026-09-23 00:48:33,94,43.1,95.6,329,54,6.7,212.4,2015.4,7.9
2026-09-23 00:49:03,94,43.1,95.6,316,54,6.8,213.9,2015.4,7.9
2026-09-23 00:49:33,0,43.1,95.6,90,42,7.3,220.4,2015.4,13.2
2026-09-23 00:50:03,92,42.9,95.6,319,50,7.2,212.1,2015.4,8.5
2026-09-23 00:50:33,77,42.9,95.6,311,52,7.7,212.1,2015.4,8.5
2026-09-23 00:51:03,94,42.9,95.6,319,54,7.5,213.2,2015.4,8.5
2026-09-23 00:51:33,92,43.0,95.6,318,53,7.3,215.4,2015.4,8.5
2026-09-23 00:52:03,93,43.0,95.6,313,53,7.8,213.9,2015.4,8.5
2026-09-23 00:52:33,93,43.0,95.6,324,55,8.0,215.1,2015.4,8.5
2026-09-23 00:53:03,94,43.0,95.6,316,53,7.9,215.6,2015.4,8.5
2026-09-23 00:53:33,92,43.0,95.6,331,53,9.7,218.7,2015.4,8.5
2026-09-23 00:54:03,91,43.1,95.6,317,54,11.9,217.2,2015.4,8.5
2026-09-23 00:54:33,0,43.1,95.6,87,44,7.0,221.7,2015.4,13.2
2026-09-23 00:55:03,93,43.1,95.6,317,50,7.5,218.5,2015.4,9.0
2026-09-23 00:55:33,93,43.1,95.6,325,53,7.0,220.4,2015.4,9.0
2026-09-23 00:56:03,94,43.1,95.6,313,53,7.2,219.8,2015.4,9.0
2026-09-23 00:56:34,92,43.1,95.6,329,55,6.9,219.3,2015.4,9.0
2026-09-23 00:57:04,90,43.1,95.6,316,54,7.4,219.3,2015.4,9.0
2026-09-23 00:57:34,94,43.1,95.6,314,54,7.0,219.0,2015.4,9.0
2026-09-23 00:58:04,93,43.1,95.6,324,55,7.2,218.8,2015.4,9.0
2026-09-23 00:58:34,93,43.1,95.6,315,54,7.2,215.9,2015.4,9.0
2026-09-23 00:59:04,92,43.1,95.6,328,54,7.3,215.8,2015.4,9.0
2026-09-23 00:59:34,0,43.1,95.6,88,46,7.0,221.8,2015.4,13.3
2026-09-23 01:00:04,85,43.6,95.6,314,50,7.0,218.9,2015.4,9.3
2026-09-23 01:00:34,94,43.1,95.6,312,52,6.8,216.8,2015.4,9.3
2026-09-23 01:01:04,93,43.1,95.6,322,53,6.6,219.0,2015.4,9.3
2026-09-23 01:01:34,93,43.1,95.6,314,53,6.6,216.8,2015.4,9.3
2026-09-23 01:02:04,93,43.1,95.6,320,55,6.9,216.3,2015.4,9.3
2026-09-23 01:02:34,95,42.9,95.6,332,54,6.6,216.2,2015.4,9.3
2026-09-23 01:03:04,94,42.9,95.6,320,53,6.9,216.4,2015.4,9.3
2026-09-23 01:03:34,90,43.0,95.6,320,53,6.8,219.2,2015.4,9.3
2026-09-23 01:04:04,93,43.1,95.6,319,54,6.3,216.3,2015.4,9.3
2026-09-23 01:04:34,8,43.1,95.6,89,47,6.8,220.7,2015.4,13.0
2026-09-23 01:05:05,94,43.1,95.6,320,50,7.9,218.5,2015.4,9.3
2026-09-23 01:05:35,79,43.1,95.6,312,53,9.2,225.2,2015.4,9.3
2026-09-23 01:06:05,93,43.1,95.6,319,53,8.8,221.0,2015.4,9.3
2026-09-23 01:06:35,93,43.1,95.6,322,55,7.5,222.0,2015.4,9.3
2026-09-23 01:07:05,93,43.1,95.6,316,54,7.5,222.6,2015.4,9.3
2026-09-23 01:07:35,92,43.1,95.6,334,53,8.5,222.2,2015.4,9.3
2026-09-23 01:08:05,93,43.1,95.6,312,54,8.5,222.1,2015.4,9.3
2026-09-23 01:08:35,93,43.1,95.6,321,53,8.2,222.4,2015.4,9.3
2026-09-23 01:09:05,90,43.1,95.6,330,55,8.1,222.4,2015.4,9.3
2026-09-23 01:09:35,3,43.1,95.6,88,47,8.5,220.4,2015.4,9.3
2026-09-23 01:10:05,94,43.1,95.6,322,49,9.0,229.2,2015.4,9.3
2026-09-23 01:10:35,93,43.1,95.6,313,52,14.4,234.6,2015.4,9.3
2026-09-23 01:11:05,95,43.1,95.6,320,54,10.2,233.1,2015.4,9.3
2026-09-23 01:11:35,93,43.1,95.6,312,53,6.5,232.7,2015.4,9.3
2026-09-23 01:12:05,92,43.1,95.6,330,54,6.5,197.6,2015.4,9.3
2026-09-23 01:12:35,93,43.1,95.6,310,53,6.5,197.6,2015.4,9.3
2026-09-23 01:13:05,95,43.1,95.6,317,54,6.1,197.1,2015.4,9.3
2026-09-23 01:13:35,94,43.1,95.6,336,54,6.7,196.8,2015.4,9.3
2026-09-23 01:14:06,93,43.1,95.6,313,54,7.2,202.7,2015.4,9.3
2026-09-23 01:14:36,90,43.1,95.6,333,54,8.8,206.3,2015.4,9.3
2026-09-23 01:15:06,93,39.5,95.6,299,46,7.3,205.7,2015.4,9.6
2026-09-23 01:15:36,89,43.0,95.6,331,52,8.2,202.4,2015.4,9.6
2026-09-23 01:16:06,93,43.0,95.6,311,52,8.3,201.0,2015.4,9.6
2026-09-23 01:16:36,94,43.0,95.6,332,53,7.7,199.8,2015.4,9.6
2026-09-23 01:17:06,94,43.0,95.6,334,53,8.2,200.3,2015.4,9.6
2026-09-23 01:17:36,92,43.0,95.6,316,54,10.7,200.6,2015.4,9.6
2026-09-23 01:18:06,92,43.0,95.6,329,53,15.7,206.8,2015.4,9.6
2026-09-23 01:18:36,93,43.0,95.6,316,55,16.2,216.1,2015.4,9.6
2026-09-23 01:19:06,91,43.0,95.6,312,54,15.3,213.8,2015.4,9.6
2026-09-23 01:19:36,92,43.0,95.6,313,54,9.9,203.2,2015.4,9.6
2026-09-23 01:20:06,93,43.0,95.6,320,48,8.3,205.7,2015.4,9.3
2026-09-23 01:20:36,93,43.0,95.6,311,52,10.3,210.5,2015.4,9.3
2026-09-23 01:21:06,89,43.0,95.6,325,53,18.5,214.8,2015.4,9.3
2026-09-23 01:21:36,92,43.0,95.6,316,52,8.9,208.4,2015.4,9.3
2026-09-23 01:22:06,92,43.0,95.6,332,54,8.5,210.5,2015.4,9.3
2026-09-23 01:22:36,95,43.0,95.6,317,53,9.5,209.8,2015.4,9.3
2026-09-23 01:23:07,92,43.0,95.6,334,54,9.0,207.8,2015.4,9.3
2026-09-23 01:23:37,88,43.0,95.6,305,54,17.4,224.9,2015.4,9.3
2026-09-23 01:24:07,82,43.0,95.6,318,53,18.6,233.8,2015.4,9.3
2026-09-23 01:24:37,93,43.0,95.6,315,54,9.6,223.3,2015.4,9.3
2026-09-23 01:25:07,0,43.0,95.6,91,42,11.4,230.5,2015.4,13.3
2026-09-23 01:25:37,0,43.0,95.6,88,36,7.7,223.3,2015.4,13.3
2026-09-23 01:26:07,96,43.0,95.6,316,49,7.3,220.3,2015.4,9.3
2026-09-23 01:26:37,0,43.0,95.6,89,39,6.7,223.1,2015.4,13.3
2026-09-23 01:27:07,8,31.6,95.6,91,35,6.9,221.9,2015.4,11.9
2026-09-23 01:27:37,0,0.0,95.6,30,31,6.7,208.4,2015.4,0.0
2026-09-23 01:28:07,0,0.0,95.6,30,29,6.7,210.7,2015.4,0.0
2026-09-23 01:28:37,0,0.0,95.6,31,28,7.7,212.1,2015.4,0.0
2026-09-23 01:29:07,0,0.0,95.6,30,28,7.0,207.9,2015.4,0.0
2026-09-23 01:29:37,0,0.0,95.6,30,28,7.2,207.9,2015.4,0.0
2026-09-23 01:30:07,0,0.0,95.6,31,28,7.3,208.2,2015.4,0.0
2026-09-23 01:30:37,0,0.0,95.6,30,28,7.1,208.0,2015.4,0.0
2026-09-23 01:31:07,0,0.0,95.6,31,28,6.2,207.8,2015.4,0.0
2026-09-23 01:31:37,6,15.9,95.6,87,31,7.2,209.4,2015.4,0.0
2026-09-23 01:32:07,0,15.9,95.6,87,32,6.2,209.0,2015.4,0.0
2026-09-23 01:32:37,1,15.9,95.6,87,33,6.5,209.1,2015.4,0.0
2026-09-23 01:33:07,0,15.9,95.6,87,33,6.4,208.8,2015.4,0.0
2026-09-23 01:33:38,0,15.9,95.6,87,33,7.9,221.4,2015.4,0.0
2026-09-23 01:34:08,0,15.9,95.6,87,33,8.8,236.1,2015.4,0.0
2026-09-23 01:34:38,0,15.9,95.6,88,33,8.9,229.2,2015.4,0.0
