time,gpu_total_mb,gpu_proc_mb,rss_mb
15:11:14,0,0,601
15:11:15,3,0,664
15:11:16,3,0,725
15:11:17,3,0,866
15:11:18,715,706,1269
15:11:19,715,706,1277
15:11:20,783,774,1351
15:11:21,783,774,1352
15:11:22,783,774,1352
15:11:23,783,774,1352
15:11:24,783,774,1352
15:11:25,783,774,1354
15:11:26,16243,16234,1355
15:11:27,16243,16234,1356
15:11:28,16243,16234,1357
15:11:29,16243,16234,1362
15:11:30,16243,16234,1635
15:11:31,16243,16234,2222
15:11:32,16243,16234,2646
15:11:33,16243,16234,2896
15:11:34,16243,16234,3253
15:11:36,16243,16234,3546
15:11:37,16245,16236,3862
15:11:38,16245,16236,4096
15:11:39,16245,16236,4335
15:11:40,16245,16236,4613
15:11:41,16245,16236,4856
15:11:42,16247,16238,5133
15:11:43,16247,16238,5356
15:11:44,16247,16238,5631
15:11:45,16247,16238,5917
15:11:46,16249,16240,6241
15:11:47,16249,16240,6459
15:11:48,16249,16240,6691
15:11:49,16249,16240,6965
15:11:50,16249,16240,7265
15:11:51,16251,16242,7523
15:11:52,16251,16242,7728
15:11:53,16251,16242,7966
15:11:54,16251,16242,8228
15:11:55,16251,16242,8515
15:11:56,16253,16244,8751
15:11:57,16253,16244,8959
15:11:58,16253,16244,9210
15:12:00,16253,16244,9484
15:12:01,16255,16246,9784
15:12:02,16255,16246,10005
15:12:03,16255,16246,10228
15:12:04,16255,16246,10501
15:12:05,16255,16246,10801
15:12:06,16257,16248,11086
15:12:07,16257,16248,11305
15:12:08,16257,16248,11560
15:12:09,16257,16248,11861
15:12:10,16259,16250,12169
15:12:11,16259,16250,12391
15:12:12,16259,16250,12604
15:12:13,16259,16250,12871
15:12:14,16259,16250,13161
15:12:15,16261,16252,13422
15:12:16,16261,16252,13629
15:12:17,16261,16252,13876
15:12:18,16261,16252,14126
15:12:19,16261,16252,14411
15:12:20,16263,16254,14666
15:12:21,16263,16254,14874
15:12:22,16263,16254,15131
15:12:24,16263,16254,15428
15:12:25,16263,16254,15738
15:12:26,16263,16254,15935
15:12:27,16263,16254,16147
15:12:28,16263,16254,16401
15:12:29,16263,16254,16676
15:12:30,16265,16256,16957
15:12:31,16265,16256,17160
15:12:32,16265,16256,17389
15:12:33,16265,16256,17647
15:12:34,16265,16256,17923
15:12:35,16267,16258,18183
15:12:36,16267,16258,18390
15:12:37,16267,16258,18640
15:12:38,16267,16258,18921
15:12:39,16267,16258,19205
15:12:40,16269,16260,19450
15:12:41,16269,16260,19674
15:12:42,16269,16260,19946
15:12:43,16269,16260,20251
15:12:44,16271,16262,20542
15:12:45,16271,16262,20750
15:12:46,16271,16262,20980
15:12:48,16271,16262,21261
15:12:49,16271,16262,21569
15:12:50,16273,16264,21799
15:12:51,16273,16264,22007
15:12:52,16273,16264,22255
15:12:53,16273,16264,22509
15:12:54,16273,16264,22799
15:12:55,16275,16266,23028
15:12:56,16275,16266,23238
15:12:57,16275,16266,23513
15:12:58,16275,16266,23794
15:12:59,16277,16268,24075
15:13:00,16277,16268,24276
15:13:01,16277,16268,24506
15:13:02,16277,16268,24772
15:13:03,16277,16268,25054
15:13:04,16279,16270,25336
15:13:05,16279,16270,25544
15:13:06,16279,16270,25778
15:13:07,16279,16270,26052
15:13:08,16279,16270,26347
15:13:09,16281,16272,26578
15:13:10,16281,16272,26786
15:13:11,16281,16272,27037
15:13:12,16281,16272,27309
15:13:14,16283,16274,27601
15:13:15,16283,16274,27817
15:13:16,16283,16274,28008
15:13:17,16283,16274,28257
15:13:18,16283,16274,28540
15:13:19,16285,16276,28807
15:13:20,16285,16276,29014
15:13:21,16285,16276,29250
15:13:22,16285,16276,29504
15:13:23,16285,16276,29793
15:13:24,16287,16278,30075
15:13:25,16287,16278,30279
15:13:26,16287,16278,30522
15:13:27,16287,16278,30778
15:13:28,16287,16278,31073
15:13:29,16289,16280,31316
15:13:30,16289,16280,31516
15:13:31,16289,16280,31767
15:13:32,16289,16280,32035
15:13:33,16289,16280,32310
15:13:34,16291,16282,32529
15:13:35,16291,16282,32748
15:13:36,16291,16282,33005
15:13:38,16291,16282,33272
15:13:39,16293,16284,33572
15:13:40,16293,16284,33775
15:13:41,16293,16284,33993
15:13:42,16293,16284,34268
15:13:43,16293,16284,34557
15:13:44,16295,16286,34820
15:13:45,16295,16286,35015
15:13:46,16295,16286,35251
15:13:47,16295,16286,35528
15:13:48,16295,16286,35833
15:13:49,16297,16288,36080
15:13:50,16297,16288,36290
15:13:51,16297,16288,36540
15:13:52,16297,16288,36811
15:13:53,16297,16288,37097
15:13:54,16299,16290,37307
15:13:55,16299,16290,37513
15:13:56,16299,16290,37778
15:13:57,16299,16290,38073
15:13:58,16301,16292,38375
15:13:59,16301,16292,38586
15:14:00,16301,16292,38852
15:14:01,16301,16292,39137
15:14:03,16301,16292,39461
15:14:04,16303,16294,39644
15:14:05,16303,16294,39861
15:14:06,16303,16294,40119
15:14:07,16303,16294,40402
15:14:08,16305,16296,40705
15:14:09,16305,16296,40908
15:14:10,16305,16296,41127
15:14:11,16305,16296,41400
15:14:12,16305,16296,41694
15:14:13,16307,16298,41966
15:14:14,16307,16298,42172
15:14:15,16307,16298,42393
15:14:16,16307,16298,42657
15:14:17,16307,16298,42950
15:14:18,16309,16300,43182
15:14:19,16309,16300,43388
15:14:20,16309,16300,43624
15:14:21,16309,16300,43900
15:14:22,16309,16300,44181
15:14:23,16311,16302,44419
15:14:24,16311,16302,44636
15:14:25,16311,16302,44906
15:14:26,16311,16302,45192
15:14:27,16313,16304,45488
15:14:29,16313,16304,45698
15:14:30,16313,16304,45924
15:14:31,16313,16304,46197
15:14:32,16313,16304,46496
15:14:33,16315,16306,46750
15:14:34,16315,16306,46933
15:14:35,16315,16306,47175
15:14:36,16315,16306,47437
15:14:37,16315,16306,47733
15:14:38,16317,16308,47965
15:14:39,16317,16308,48171
15:14:40,16317,16308,48420
15:14:41,16317,16308,48699
15:14:42,16317,16310,48993
15:14:43,16319,16310,49207
15:14:44,16319,16310,49428
15:14:45,16319,16310,49678
15:14:46,16319,16310,49976
15:14:47,16441,16432,50247
15:14:48,16441,16432,50459
15:14:49,16441,16432,50683
15:14:50,16441,16432,50947
15:14:51,16441,16432,51255
15:14:52,16743,16734,51495
15:14:54,16743,16734,51707
15:14:55,16743,16734,51943
15:14:56,16743,16734,52209
15:14:57,16743,16734,52484
15:14:58,17045,17036,52708
15:14:59,17045,17036,52924
15:15:00,17045,17036,53189
15:15:01,17045,17036,53453
15:15:02,17365,17356,53739
15:15:03,17367,17358,53983
15:15:04,17367,17358,54224
15:15:05,17367,17358,54477
15:15:06,17367,17358,54768
15:15:07,17669,17660,55048
15:15:08,17669,17660,55263
15:15:09,17669,17660,55523
15:15:10,17669,17660,55792
15:15:11,17669,17660,56086
15:15:12,17991,17982,56315
15:15:13,17991,17982,56525
15:15:14,17991,17982,56785
15:15:16,17991,17982,57070
15:15:17,18293,18284,57353
15:15:18,18293,18284,57549
15:15:19,18293,18284,57775
15:15:20,18293,18284,58031
15:15:21,18293,18284,58307
15:15:22,18595,18586,58575
15:15:23,18595,18586,58791
15:15:24,18595,18586,59018
15:15:25,18595,18586,59279
15:15:26,18595,18586,59559
15:15:27,18917,18908,50189
15:15:28,18917,18908,20847
15:15:29,16855,16846,1468
15:15:30,16855,16846,1570
15:15:31,16855,16846,1570
15:15:32,16883,16876,1571
15:15:34,16925,16920,1571
15:15:35,17037,17028,1712
15:15:36,17577,17568,1627
15:15:37,18117,18108,1671
15:15:38,18617,18608,1712
15:15:39,19117,19168,1600
15:15:40,19677,19668,1665
15:15:41,20177,20168,1602
15:15:42,20717,20708,1629
15:15:43,21217,21208,1667
15:15:44,23555,25670,1602
15:15:45,27841,27832,2859
15:15:46,27905,27896,2980
15:15:47,28109,28100,3134
15:15:48,28249,28302,3331
15:15:49,28373,28364,3430
15:15:50,28517,28508,3542
15:15:51,28657,28648,3709
15:15:52,28721,28712,3792
15:15:53,28927,28918,3950
15:15:54,29067,29058,4128
15:15:56,29191,29182,4243
15:15:57,29335,29326,4361
15:15:58,29539,29530,4560
15:15:59,29639,29630,4686
15:16:00,29743,29734,4775
15:16:01,29943,29936,4964
15:16:02,30007,29998,5042
15:16:03,30151,30142,5192
15:16:04,30355,30346,5413
15:16:05,30495,30486,5567
15:16:06,30561,30552,5609
15:16:07,30905,30896,5943
15:16:08,30969,30960,5995
15:16:09,31173,31164,6196
15:16:10,31313,31364,6394
15:16:11,31517,31508,6559
15:16:12,31785,31776,6817
15:16:13,31925,31916,6951
15:16:14,31989,31980,7016
15:16:15,32195,32186,7219
15:16:16,32195,32186,7271
15:16:17,32399,32390,7424
15:16:18,32399,32390,7462
15:16:20,32743,32734,7789
15:16:21,33071,33102,8160
15:16:22,33215,33206,8241
15:16:23,33215,33206,8294
15:16:24,33419,33410,8481
15:16:25,33623,33614,8670
15:16:26,33683,33674,8735
15:16:27,33763,33754,8804
15:16:28,33889,33880,8931
15:16:29,34173,34164,9202
15:16:30,34237,34228,9260
15:16:31,34645,34636,9694
15:16:32,34849,34840,9892
15:16:33,34989,34980,10015
15:16:34,36483,36474,3972
15:16:35,26679,26670,1698
15:16:36,26679,26670,1710
15:16:37,26679,26670,1710
15:16:38,26679,26670,1710
15:16:39,26679,26670,1710
15:16:40,26679,26670,1710
15:16:41,26679,26670,1710
15:16:42,26679,26670,1710
15:16:44,26679,26670,1710
15:16:45,26679,26670,1710
15:16:46,26679,26670,1710
15:16:47,26679,26670,1710
15:16:48,26679,26670,1710
15:16:49,26679,26670,1710
15:16:50,26679,26670,1710
15:16:51,26679,26670,1710
15:16:52,26679,26670,1710
15:16:53,26679,26670,1710
15:16:54,26679,26670,1710
15:16:55,26679,26670,1710
15:16:56,26679,26670,1710
15:16:57,26679,26670,1710
15:16:58,26679,26670,1710
15:16:59,26679,26670,1710
15:17:00,26679,26670,1710
15:17:01,26679,26670,1710
15:17:02,26679,26670,1710
15:17:03,26679,26670,1710
15:17:04,26679,26670,1710
15:17:05,26679,26670,1710
15:17:06,26679,26670,1710
15:17:07,26679,26670,1710
15:17:09,26679,26670,1710
15:17:10,26679,26670,1710
15:17:11,26679,26670,1710
15:17:12,26679,26670,1710
15:17:13,26679,26670,1710
15:17:14,26679,26670,1710
15:17:15,26679,26670,1710
15:17:16,26679,26670,1710
15:17:17,26679,26670,1710
15:17:18,26679,26670,1710
15:17:19,26679,26670,1710
15:17:20,26679,26670,1710
15:17:21,26679,26670,1710
15:17:22,26679,26670,1710
15:17:23,26679,26670,1710
15:17:24,26679,26670,1710
15:17:25,26679,26670,1710
15:17:26,26679,26670,1710
15:17:27,26679,26670,1710
15:17:28,26679,26670,1710
15:17:29,26679,26670,1710
15:17:30,26679,26670,1710
15:17:31,26679,26670,1710
15:17:32,26679,26670,1710
15:17:34,26679,26670,1710
15:17:35,26679,26670,1710
15:17:36,26679,26670,1710
15:17:37,26679,26670,3642
15:17:38,26679,26670,6016
15:17:39,26679,26670,8407
15:17:40,26699,26690,2951
15:17:41,26679,26670,4693
15:17:42,26679,26670,7141
15:17:43,26699,26690,9495
15:17:44,26679,26670,3801
15:17:45,26679,26670,6278
15:17:46,26679,26670,8732
15:17:48,26679,26670,2509
15:17:49,26679,26670,5174
15:17:50,26679,26670,7550
15:17:51,26699,26690,9497
15:17:52,26679,26670,4235
15:17:53,26679,26670,6598
15:17:54,26679,26670,9055
15:17:55,26679,26670,3190
15:17:56,26679,26670,5519
15:17:57,26679,26670,7829
15:17:58,26699,26690,5683
15:17:59,26679,26670,4336
15:18:00,26679,26670,7016
15:18:02,26699,26690,9390
15:18:03,26679,26670,3605
15:18:04,26679,26670,6107
15:18:05,26679,26670,8337
15:18:06,26679,26670,2190
15:18:07,26679,26670,4995
15:18:08,26679,26670,7549
15:18:09,26699,26690,9496
15:18:10,26679,26670,3786
15:18:11,26679,26670,6435
15:18:12,26679,26670,8770
15:18:13,26679,26670,2618
15:18:14,26679,26670,5255
15:18:16,26679,26670,7735
15:18:17,26699,26690,9497
15:18:18,26679,26670,4254
15:18:19,26679,26670,6680
15:18:20,26679,26670,9220
15:18:21,26679,26670,3374
15:18:22,26679,26670,5815
15:18:23,26679,26670,8302
15:18:24,26699,26670,1870
15:18:25,26679,26670,4872
15:18:26,26679,26670,7346
15:18:27,26699,26690,9497
15:18:29,26679,26670,3625
15:18:30,26679,26670,6061
15:18:31,26679,26670,8439
15:18:32,26679,26670,2627
15:18:33,26679,26670,1871
15:18:34,26679,26670,1952
15:18:35,26679,26670,1941
